ID,Target Pressure (bar)
0,0.432100077215664
1,0.38204550569202556
2,0.33404099085218397
3,0.28188835326257133
4,0.24557766075579823
5,0.2197435331169506
6,0.14644510051702553
7,0.1538220702167148
8,0.17688736306643693
9,0.569153715095599
10,0.5444170989205654
11,0.4981541867565762
12,0.7076107968420653
13,0.6777539773205599
14,0.6272101660538818
15,0.3594613003877465
16,0.34705939944156605
17,0.31779215911975833
18,0.6824595894202019
19,0.6853700841694994
20,0.6387154758738103
21,0.5761913700561694
22,0.5680543234873761
23,0.46391066902416384
24,0.32302073956898525
25,0.3421625024384981
26,0.35600989831285845
27,0.10021409559452699
28,0.12737647095718585
29,0.14449718253154908
30,0.04701666637861446
31,0.05093887043241874
32,0.05581699539660323
33,0.06736376718562975
34,0.06558084045674462
35,0.0668674531721194
36,0.5717725706214163
37,0.2805000426823876
38,0.06523742598237114
39,0.496545734226171
40,0.2776865208390229
41,0.14005314596128593
42,0.2839878456006455
43,0.186645961055927
44,0.13273438066169896
45,0.20442588803272307
46,0.12044760774958807
47,0.1193837735557926
48,0.07411263181617572
49,0.06377109800425002
50,0.06863323176842856
51,0.060240187267687845
52,0.048235922276296
53,0.04637743771403288
54,0.20408146599209043
55,0.1888151988931186
56,0.18812357617959186
57,0.143621657380695
58,0.14023888832528164
59,0.15608139110692476
60,0.08908624789656883
61,0.11441205994741188
62,0.1573058844515669
63,1.0014018878138808
64,0.8420657674335497
65,0.5826342768301596
66,0.9775046890974404
67,0.8429249846631957
68,0.6107545714593636
69,0.7862419806482956
70,0.7058785961310685
71,0.5294612011826667
72,0.5728339362966652
73,0.6769651993585835
74,0.5452508511260449
75,0.2043549790379408
76,0.19149695102778258
77,0.20176746307266397
78,0.1352514798105496
79,0.13574302554422482
80,0.1367606235915584
81,0.10798117319961231
82,0.12256340624973272
83,0.13007471257361458
84,0.04968952630301238
85,0.045820501684294745
86,0.04218946268327328
87,0.041873439793238765
88,0.04442073460660523
89,0.05066307530173808
90,0.43846342092225776
91,0.3290560141640635
92,0.2157281688687187
93,0.36166707996434533
94,0.29638619092287066
95,0.22586926575641209
96,0.24407274684676517
97,0.22083949757499632
98,0.1746060462693999
99,0.35801451296726694
100,0.3394275742897615
101,0.25088586449513617
102,0.12493940568958711
103,0.0826745642245576
104,0.06549779656803784
105,0.07617953103669292
106,0.06855637027436864
107,0.06743155920704777
108,0.19502188744526516
109,0.18121483342675204
110,0.16903993539719564
111,0.12423752160907475
112,0.1099659789007228
113,0.10324126993035576
114,0.07909949410905859
115,0.08536143619350312
116,0.10138562526999606
117,1.009412563341382
118,0.863601211947721
119,0.7140263605953658
120,0.9813848107333849
121,0.8392757204922499
122,0.702243243217705
123,0.7394478864316876
124,0.6193743968486809
125,0.5063013195029351
126,0.6648291408991096
127,0.6361098064346884
128,0.49687547142868826
129,0.29823335250447774
130,0.2249760236653468
131,0.1903963605425369
132,0.13343837579436044
133,0.12928593811203035
134,0.12810631255709357
135,0.15010351736715655
136,0.14839071687772054
137,0.14430627393205664
138,0.0762664237013213
139,0.06907266555424463
140,0.06820499725391982
141,0.049166055336234527
142,0.05742536580085278
143,0.07162516914041617
144,0.7418967138329828
145,0.5796652439222891
146,0.3750212804567037
147,0.6508979514731943
148,0.5499050784547104
149,0.39061568814893755
150,0.44544544138745956
151,0.43763943213762624
152,0.34143586319943275
153,0.27321789332980007
154,0.29314701126199605
155,0.26063283755487904
156,0.13108420991407316
157,0.12588095652963277
158,0.14128371573330062
159,0.11869540910208129
160,0.11195093591498026
161,0.10951562950068514
162,0.16034577188546062
163,0.14686735072164026
164,0.1342078368840267
165,0.09407304794780891
166,0.07740796662894822
167,0.06885052586092733
168,0.06542651781114883
169,0.0661066563531223
170,0.07761138977052773
171,1.0775529514511784
172,0.8054330086089829
173,0.5343565777214219
174,1.0094576592132365
175,0.78308325360457
176,0.570673257240369
177,0.6668560544629509
178,0.5439184295879154
179,0.43647998501814933
180,0.40966470754661966
181,0.34543877571629744
182,0.2869458994245079
183,0.18642274428192968
184,0.1690698629554283
185,0.1344903703778399
186,0.06776379180055367
187,0.060920668734439215
188,0.0599357520429544
189,0.07725230258636429
190,0.08804515065805218
191,0.09269819915924571
192,0.05276022404461478
193,0.054909413131752904
194,0.05487946526058152
195,0.04032767179502428
196,0.04779964901112144
197,0.052866485859698775
198,0.423706263536584
199,0.3544281251812118
200,0.22669002016916928
201,0.40156796156213326
202,0.33948228011413684
203,0.226353848761786
204,0.3179849107219861
205,0.2723372817503924
206,0.1768751078677122
207,0.29481727647377204
208,0.2881090182890163
209,0.15482933166190851
210,0.10274569155799179
211,0.07694545850542583
212,0.08409257914193707
213,0.09914789194059823
214,0.08429996149880745
215,0.07702288076951189
216,0.0968191911345826
217,0.09740845330065073
218,0.09653571594202037
219,0.04831536788203805
220,0.0481633082917543
221,0.0520510753661092
222,-0.044437099674712544
223,-0.025006496788397614
224,-2.739361086079306e-05
225,0.2811690237785138
226,0.30982842970287217
227,0.3265371085246296
228,0.32798999188328204
229,0.3284228309927608
230,0.3201388026295826
231,0.3641212585162743
232,0.31646244237900967
233,0.26119568206674537
234,0.14697491917947864
235,0.1640465907461899
236,0.17861316067353264
237,0.22822369137291248
238,0.15869804372454238
239,0.0720792993215475
240,0.05329087050584788
241,0.06171772913727244
242,0.07458755659479874
243,0.29625140666876226
244,0.27469358840777125
245,0.26488379935880935
246,0.22252116563616808
247,0.20723893052298137
248,0.20943645330668637
249,0.15137586200938613
250,0.15586535121392564
251,0.1787574165883361
252,1.481620385159996
253,1.1644395087697001
254,0.8161074288207113
255,1.4388830196027806
256,1.12010013652046
257,0.7898605235545342
258,1.260138618769073
259,0.9675225333300228
260,0.6797947615623878
261,0.8461376710820858
262,0.6853102870506952
263,0.3939559848095305
264,0.26217608542073995
265,0.2457131514806185
266,0.2663907990213383
267,0.16962673867920433
268,0.1604833954249402
269,0.15070082678804078
270,0.08278612247747907
271,0.0790211870505313
272,0.07575781753043365
273,0.04801693791101136
274,0.04299846377709371
275,0.04354264183820944
276,0.015679136821826978
277,0.028756288339579106
278,0.04802003557268697
279,0.41355810745521304
280,0.3943418734681894
281,0.3470098457608197
282,0.3376914652839498
283,0.33578766983100317
284,0.3063795127488016
285,0.2611009367093582
286,0.23889098610867543
287,0.18352429684403782
288,0.2081042044159993
289,0.2330485388899181
290,0.20601018608552024
291,0.15689116451574575
292,0.12042648817598506
293,0.11925750361147264
294,0.08613544983584828
295,0.08686635972098664
296,0.09200823353943863
297,0.12710210651457543
298,0.12230660406543925
299,0.11573883129999074
300,0.1046361133322724
301,0.09663814940467019
302,0.09009688090412715
303,0.08852163218470976
304,0.08855280704202939
305,0.09291669458064944
306,0.49882409857282206
307,0.48056249632760406
308,0.4488665195771626
309,0.5175216921601697
310,0.47649919356241477
311,0.4263419310033465
312,0.46846092990018584
313,0.4144470153176736
314,0.3556005418111534
315,0.32793237679617204
316,0.33410278743090216
317,0.3188104590459143
318,0.22909465022983427
319,0.18126153076577006
320,0.1544502122423434
321,0.07063967679002311
322,0.07266172479518726
323,0.0785707561286316
324,0.11355730147603516
325,0.12524426889329532
326,0.1400721165277259
327,0.10041542208054977
328,0.10702540898614976
329,0.11986195895113716
330,0.08284864796013713
331,0.09544294979349544
332,0.11575150632993902
333,0.5874769978309013
334,0.5767418703742886
335,0.5313037353276935
336,0.6058285898320259
337,0.5787745258320423
338,0.5261986266958838
339,0.5270312591233302
340,0.4927737733686792
341,0.44127608890768166
342,0.3950187521454978
343,0.33031927440844394
344,0.28180919393211223
345,0.214939454637963
346,0.17792306386072715
347,0.17193081489209833
348,0.13348931202297512
349,0.12949911995188948
350,0.12770489106209706
351,0.17725839900910212
352,0.16252175529612667
353,0.14716998110531576
354,0.09790970323669312
355,0.08162621100568024
356,0.07245332494827195
357,0.06362829371909107
358,0.06986460180532439
359,0.08679678925206402
360,1.0278006532849953
361,0.7989824078857135
362,0.5711334074375964
363,0.9195367575020692
364,0.7362058438722665
365,0.5673507654639105
366,0.5091361382384998
367,0.42486748524484264
368,0.35516697566208344
369,0.296312072866157
370,0.2675231678188549
371,0.2818677173631479
372,0.1842834602793832
373,0.17416976236883558
374,0.14446055169678557
375,0.06841022620295775
376,0.06544542153249641
377,0.0677696578399197
378,0.17846143180233454
379,0.15786263011681867
380,0.14247952753109572
381,0.1301114131849752
382,0.11401098719699276
383,0.10685663314066374
384,0.09262347288669992
385,0.09527563395763372
386,0.10442481428990269
387,1.1103670485613828
388,0.7524225117335102
389,0.4651948512470876
390,1.0878975696939046
391,0.7109879997817041
392,0.43872415820706245
393,0.9658424354879112
394,0.6085717480181041
395,0.3757869400257443
396,0.7399621668082174
397,0.4560248963520639
398,0.2793508892929826
399,0.14496228203479594
400,0.11353488354080893
401,0.12620241147748418
402,0.09422279791789864
403,0.07379673375821369
404,0.06238826268742001
405,0.1139098031442447
406,0.11842309998420197
407,0.12377583122781366
408,0.062101318097869784
409,0.05998004319121164
410,0.06389932770281148
411,0.03824357752325347
412,0.04601397578146815
413,0.06147409646876567
414,0.6274273236010368
415,0.5031569324733705
416,0.378407772956461
417,0.5979976623156882
418,0.49620780249655305
419,0.4000857054047027
420,0.4614191313031848
421,0.3993662092045691
422,0.34130063814032163
423,0.36373469378099627
424,0.3515440369545121
425,0.2544942273372284
426,0.15406779967723588
427,0.1196387645675045
428,0.1215269047632343
429,0.10033879481774374
430,0.09227840600535006
431,0.08932115779286118
432,0.1053571077548694
433,0.10758006591409663
434,0.10706804325661579
435,0.0687382477033267
436,0.06544361371154106
437,0.06342099216779906
438,0.04931219271185561
439,0.05529762347772027
440,0.066120211046101
441,0.11578611434459796
442,0.11704806647749089
443,0.10867426715590178
444,0.2004899312274484
445,0.19625845876485593
446,0.1845095619747037
447,0.20324028950386386
448,0.1962192857423839
449,0.18253694563084033
450,0.2510624542798524
451,0.2585552216937129
452,0.2697106597026291
453,0.10069518383557424
454,0.08334534068413729
455,0.08642082964336412
456,0.11679593317482992
457,0.12328177229574275
458,0.1321429617486539
459,0.06061805287088684
460,0.054963024414007355
461,0.05009421739247499
462,0.028526182289584368
463,0.023338347384555425
464,0.022816091369080693
465,-0.004873585527002122
466,0.006615975200181756
467,0.024052154604253806
468,0.1616497578125371
469,0.14467129889021302
470,0.11862334853492151
471,0.24922780883529705
472,0.20813168003041604
473,0.1585793275480507
474,0.2706360829917538
475,0.19685675023923133
476,0.11238901359787357
477,0.25576713762382725
478,0.23815823992655455
479,0.18396586101058096
480,0.07581017358556957
481,0.06611423105800623
482,0.0780400831756562
483,0.06574052828152263
484,0.06374904128452405
485,0.06714602095259889
486,0.15987566958861765
487,0.15341099995353757
488,0.14659544318346085
489,0.1159228550305984
490,0.10588024426917264
491,0.10024145335492363
492,0.08167015399555466
493,0.08501477154992165
494,0.09642880326810555
495,0.7759246916135789
496,0.7000939875099557
497,0.6120320774485999
498,0.8033207475639552
499,0.7209669396504916
500,0.6320899838920406
501,0.699828539173492
502,0.6239509450336949
503,0.5450619084192676
504,0.6176892070832873
505,0.6166040044820658
506,0.5352077872769158
507,0.3100633766814988
508,0.2475080412126766
509,0.2105707971175485
510,0.15489979032829013
511,0.15702029881438592
512,0.16089750953540813
513,0.10813858040595004
514,0.10245462964410179
515,0.09566378978734913
516,0.06478487665758137
517,0.05413778525527291
518,0.04754503056693138
519,0.04945845694516904
520,0.05124040424007048
521,0.0604805951923415
522,0.5459848562571745
523,0.44297464769807626
524,0.32552659167228293
525,0.5080058225861246
526,0.41793213881819846
527,0.32191509324965417
528,0.34943582706077003
529,0.2934331074865606
530,0.23495797673633612
531,0.2003378394152174
532,0.17488358291120215
533,0.15456406070203274
534,0.15247608660470297
535,0.12095026073952825
536,0.09644753535065126
537,0.05535902703618409
538,0.0528200767881106
539,0.05564100445945583
540,0.06909466226432648
541,0.07001755290628764
542,0.07131501418282382
543,0.06493363840451649
544,0.06436136192023745
545,0.06688073710948905
546,0.06024533201274518
547,0.06798501854896855
548,0.08077716132295598
549,0.223485391097068
550,0.24820471698464197
551,0.2569206398247099
552,0.2710340215941296
553,0.274795004196019
554,0.26539897112801847
555,0.26835775880814716
556,0.2552507159753612
557,0.2314202398424039
558,0.21491962221619204
559,0.20927026957308953
560,0.18399290035658175
561,0.15354019471404884
562,0.13343784035991207
563,0.13236390909135748
564,0.09356494983684702
565,0.09553786459861355
566,0.10112221482167691
567,0.055572852550326735
568,0.06429221402721441
569,0.06374639806011895
570,0.045591532760623776
571,0.04216861362576707
572,0.03346589247269427
573,0.038741300040347815
574,0.03503348190955058
575,0.026944949615026692
576,0.2941732744564798
577,0.2889818685221821
578,0.2178897449195143
579,0.2689639907803605
580,0.23829336309131244
581,0.16567265712931722
582,0.1775092898357793
583,0.12999097994959308
584,0.060693092924790415
585,0.22401403994789998
586,0.20081565887671854
587,0.12882404638652245
588,0.07272940222503971
589,0.04960233073540893
590,0.04943719690404341
591,0.058533114756427945
592,0.04103020145359601
593,0.03498333147679497
594,0.15742665244856346
595,0.14799224836370306
596,0.137108847885427
597,0.09804828697599155
598,0.08613438198062418
599,0.078148113186298
600,0.06205450020700787
601,0.06732894192982974
602,0.07987325765830433
603,0.8455152517042246
604,0.7119115110004339
605,0.5673640257778028
606,0.8234832687409261
607,0.7039116038754651
608,0.5823162182706165
609,0.6106425418379156
610,0.5165846996072327
611,0.4243700848910914
612,0.4511776091527945
613,0.43358189453088747
614,0.3513884354633646
615,0.2475837757914902
616,0.18001418313465395
617,0.1483623017476718
618,0.10794473492082732
619,0.1063288452659917
620,0.10826776868473817
621,0.22876893782691865
622,0.20728189376140604
623,0.18787446815643682
624,0.149984164974432
625,0.13177145417521507
626,0.12270045013415198
627,0.09969001091950225
628,0.10707892274585773
629,0.126876774670732
630,1.1636087952515448
631,0.9850197658621165
632,0.7959529075330745
633,1.118464252660058
634,0.9665520100859875
635,0.8149205213103381
636,0.8673907557489964
637,0.7816592658085819
638,0.698964984976737
639,0.6040546477992529
640,0.5436172863738632
641,0.49241934835086965
642,0.30369816681985723
643,0.27171843884092967
644,0.23881125495624905
645,0.10127561660246018
646,0.10032896607492867
647,0.10286294525585235
648,0.11991390599146778
649,0.12378792480039791
650,0.1286900143852614
651,0.06411040258237555
652,0.0633657771329934
653,0.06888729715375574
654,0.030660879271035446
655,0.03850084827663891
656,0.053321041062293295
657,0.6971155376369007
658,0.5202217487863943
659,0.342968110818344
660,0.6471454047419594
661,0.48183302306743436
662,0.3347409556770595
663,0.4946259931689918
664,0.36836731664872624
665,0.2712851750731853
666,0.26080438835057124
667,0.2148478372515017
668,0.18943998978801452
669,0.10431925223695598
670,0.08792142769422101
671,0.09921037797469706
672,0.05864799130556539
673,0.04809798999875545
674,0.046253242033248015
675,0.44685903349240674
676,0.39369777640415893
677,0.34555332835174446
678,0.2901059999674913
679,0.2546194954530623
680,0.23317107700228124
681,0.13345383870400496
682,0.14341936561440582
683,0.17299819977539932
684,0.5446326031449937
685,0.46704842610056496
686,0.3764911708157863
687,0.7900770638278554
688,0.7306492868729217
689,0.6602142325330969
690,0.6240574949659783
691,0.6067536889450234
692,0.5811314745430034
693,0.7719426494565463
694,0.805450316846922
695,0.797563446304425
696,0.5626005538455185
697,0.5195530904742243
698,0.41584428572459314
699,0.2555567251579973
700,0.2716326848119275
701,0.28422489788724814
702,0.07706277401862915
703,0.08585341735336871
704,0.08908471300837095
705,0.04358287575133146
706,0.036681832457949204
707,0.031015956543208878
708,0.03909801436235383
709,0.03713101284113818
710,0.03938924562107693
711,0.35637696866569635
712,0.27780503919882116
713,0.18882058467319163
714,0.3017793179657924
715,0.235190746755489
716,0.16244385148520402
717,0.227158103347332
718,0.17860669592874623
719,0.11429097934322052
720,0.2433966579863326
721,0.19917301847863494
722,0.13799755568002792
723,0.09534053431812056
724,0.061080320286777956
725,0.05795363235586842
726,0.061136633791173595
727,0.050679839341855576
728,0.0479854344191096
729,0.14239985848237136
730,0.13977170781083692
731,0.1362544481982908
732,0.04822427853430766
733,0.04874423995783661
734,0.058020290051395085
735,0.036455548660969006
736,0.05546507400340128
737,0.07537730858267166
738,0.8116526632920193
739,0.7181446325461247
740,0.57863461923537
741,0.4188216229358057
742,0.3796063144119268
743,0.2882469929349407
744,0.32906546335268794
745,0.26267957554140176
746,0.11474074719776817
747,0.5636966620048462
748,0.5284456241337655
749,0.3536655812643488
750,0.15785351277331644
751,0.08125838736180929
752,0.05115434834259508
753,0.07680743484727334
754,0.07998564129909455
755,0.089927176658641
756,0.19743529358263134
757,0.176434455028337
758,0.15170376964172116
759,0.11121582054079204
760,0.09485280688476094
761,0.08002495417429478
762,0.05928304217321112
763,0.0683542921485587
764,0.08321200480763635
765,1.0022919420077978
766,0.878441083295652
767,0.7396210659831974
768,1.0251728827106457
769,0.9147183996627712
770,0.7966822496863666
771,0.571222509790257
772,0.5013375271782332
773,0.4302003374800274
774,0.11841470811198007
775,0.08278075051863387
776,0.08374147976797239
777,0.18649215765457589
778,0.21862265576905576
779,0.16027887563905535
780,0.07930011502486975
781,0.0842023947677408
782,0.09288629939354884
783,0.11040936108627242
784,0.14006546741335746
785,0.15232549125570283
786,0.037571850840806276
787,0.04539302440110382
788,0.04626037338243072
789,0.05404161228775517
790,0.05208235871801281
791,0.04267110986484979
792,0.8236357596731205
793,0.4317037117274618
794,0.12214741417596664
795,0.6804105391117299
796,0.3663204026266096
797,0.14104476742666017
798,0.39889696491367155
799,0.2314885699910969
800,0.11124019081340841
801,0.20309349296351892
802,0.22203332594671826
803,0.18191208706584286
804,0.11285120797712617
805,0.060287561575454285
806,0.06579712636270235
807,0.08012106010875772
808,0.06542744650406349
809,0.06139922682833607
810,0.11002460136278347
811,0.10389689799273483
812,0.0989923354953921
813,0.07140288927643623
814,0.05934217234494077
815,0.05432675495558725
816,0.05355684194098109
817,0.05371311067510276
818,0.06420316230671808
819,0.5145245615226168
820,0.4447913222095077
821,0.35164951002377287
822,0.5330515630572814
823,0.4708815772776911
824,0.39011441865390517
825,0.4262172313680248
826,0.3892253047491574
827,0.33380537257734155
828,0.3596057373480471
829,0.3217617550300121
830,0.2719311595393442
831,0.18127012315138907
832,0.1586323397420379
833,0.1420366435250368
834,0.07886119604397987
835,0.07632192485651687
836,0.07857139026630497
837,0.5201159450610351
838,0.4745425589543808
839,0.42932029110299363
840,0.3771934678726667
841,0.33937197225875493
842,0.309893859527264
843,0.23981902496802987
844,0.23638046704589022
845,0.24705623657595033
846,1.7369502729331823
847,1.6382982636392962
848,1.5188671398523719
849,1.8539245424556123
850,1.7545700948185152
851,1.6413574024101332
852,1.5064612868603968
853,1.4390229440437958
854,1.3649603576042433
855,0.6222760525714248
856,0.5931472816889796
857,0.5466844526329313
858,0.7135537328290287
859,0.6968630237340205
860,0.6004838540600828
861,0.20923293935085627
862,0.22067007822208304
863,0.23127044157840534
864,0.09301800311014996
865,0.09146540126090996
866,0.08693117021406205
867,0.060166910093089276
868,0.05496821958035247
869,0.052572671250153524
870,0.039503981387115195
871,0.05219222781773225
872,0.07173875069809887
873,0.4564487054985984
874,0.436004270833916
875,0.39540333317735255
876,0.4313225403936054
877,0.4245939813054742
878,0.40063919424539685
879,0.3647370988536063
880,0.3634047626210839
881,0.3433388130692345
882,0.3398255873073747
883,0.3460552352445102
884,0.3309555089550896
885,0.21262318043687495
886,0.17498319296779824
887,0.1448702097200893
888,0.09051142392845055
889,0.09786225520267597
890,0.10896322610648243
891,0.1955906166335344
892,0.19292070076791545
893,0.1894129700164624
894,0.13428753684797257
895,0.13235970710169354
896,0.1336230674328378
897,0.09147331561967476
898,0.1014715285668879
899,0.11380728289670983
900,0.9848884469786692
901,0.712346922854689
902,0.4408978603809681
903,0.9586850491304626
904,0.6750563533755918
905,0.4175537847086128
906,0.8495857960529885
907,0.589085272605754
908,0.371292178980408
909,0.5126022160096486
910,0.40766484576959716
911,0.3532061572045409
912,0.146349431139507
913,0.12642176924981458
914,0.13498930094402523
915,0.05439031935477365
916,0.04149776163647881
917,0.038554577500316295
918,0.21870714952020243
919,0.20920470517406797
920,0.19799319140721194
921,0.15709608753304116
922,0.14516447144028866
923,0.13686633242680002
924,0.10693453164681954
925,0.11262285161222407
926,0.12575344415317402
927,1.041222665805176
928,0.9769350178809584
929,0.8992848555072579
930,1.0522860171414232
931,0.9730514220101691
932,0.8871544313935369
933,0.8392831160280816
934,0.7557322101890203
935,0.6704643982307739
936,0.7243717944893526
937,0.7455242859159604
938,0.6639278692930903
939,0.41375574450816094
940,0.33799668728567406
941,0.28195971629606115
942,0.16159242634792623
943,0.16545024823462726
944,0.17093382991690473
945,0.09788823651840928
946,0.09955812511759965
947,0.09760541918858556
948,0.050243525151072665
949,0.044263685121724405
950,0.03943696893047277
951,0.018255307219864347
952,0.025400328768949043
953,0.03609173181382341
954,0.5560910818000873
955,0.41736453609962276
956,0.2848353895050446
957,0.5131646555774518
958,0.3973529348011875
959,0.29525731168666547
960,0.337171501735096
961,0.2524837233102881
962,0.1794595737842537
963,0.2588362338939017
964,0.22810668535477346
965,0.1776613726745369
966,0.16213051694506037
967,0.10725901967330737
968,0.0773681573282356
969,0.0902014970383663
970,0.07579293314278887
971,0.06687622030729576
972,0.2655717079790285
973,0.24218448778561075
974,0.21789584659604144
975,0.15598838285473682
976,0.13865945096176957
977,0.12897682726024917
978,0.0817377736192435
979,0.10089866712111628
980,0.13238717237819286
981,1.3395986902508776
982,1.2498457668816452
983,1.1425011896258719
984,1.1887278520865971
985,1.1137211120478663
986,1.0301024783121984
987,0.6817398916377722
988,0.6573674633787585
989,0.627056666609928
990,0.5024863585256967
991,0.47695931185036694
992,0.467635657329263
993,0.3707900510817543
994,0.367506514678495
995,0.3069790571997126
996,0.12580504471258178
997,0.13425425050767656
998,0.14509164036905628
999,0.07094483053942358
1000,0.07596834155769439
1001,0.07712032210446984
1002,0.03824387760689585
1003,0.029257984833406026
1004,0.023649826166044496
1005,0.038507368453909896
1006,0.03366589435628309
1007,0.03518798970761483
1008,0.22759342528160809
1009,0.18643862571616077
1010,0.10385589440273812
1011,0.23551140970318962
1012,0.21001170192984042
1013,0.13670757871461725
1014,0.17081149715812338
1015,0.16138863419604044
1016,0.08952618600103457
1017,0.2916079150418014
1018,0.2906858370813841
1019,0.24573275853547455
1020,0.090821559151192
1021,0.07602439975921443
1022,0.06990759768964944
1023,0.06058943357050092
1024,0.05380459834608395
1025,0.05428510456630706
1026,0.14538676522300675
1027,0.13438417862675212
1028,0.12277949721341375
1029,0.1001633663223449
1030,0.08983359626781584
1031,0.08328770532143337
1032,0.07071661672368434
1033,0.0762724768100751
1034,0.08837927585851779
1035,0.9049563741284994
1036,0.8034218779263933
1037,0.6876022614322859
1038,0.7767977305863207
1039,0.6812910120784716
1040,0.582833852838146
1041,0.5605778836914477
1042,0.48641157079040576
1043,0.41648318117145444
1044,0.3299414352624215
1045,0.3176630902027608
1046,0.30025562675153383
1047,0.21818880337707997
1048,0.15433339093269266
1049,0.1299835166005598
1050,0.0659266113993083
1051,0.06439924290419394
1052,0.0671473982948245
1053,0.07100738059679812
1054,0.07197834636815137
1055,0.07277898271811956
1056,0.0410299874903044
1057,0.036177394313332334
1058,0.03563121761268895
1059,0.004593662760550066
1060,0.01264999357043961
1061,0.026967362137212403
1062,0.42054375697780366
1063,0.40198721674361715
1064,0.3726556894119535
1065,0.40629423912590945
1066,0.38016761853105785
1067,0.34484239600335465
1068,0.22264463081976893
1069,0.16829574451612594
1070,0.1041468873353717
1071,0.23956135272257123
1072,0.24444010828124413
1073,0.21751492723676208
1074,0.15908517848526754
1075,0.12126761762652988
1076,0.12068695050943651
1077,0.10225834066993397
1078,0.10388763849069557
1079,0.1093355437725336
1080,0.05413974329383353
1081,0.05729352718450875
1082,0.056134480382861396
1083,0.04125916893352133
1084,0.038248584079181525
1085,0.03471151115245852
1086,0.03217581859664498
1087,0.0388250559555956
1088,0.04541182729325732
1089,0.24307399240651884
1090,0.23764860065920979
1091,0.19235114591526448
1092,0.2648291397150866
1093,0.24503042543913645
1094,0.19000337337993423
1095,0.24259224476483277
1096,0.20539503094265066
1097,0.13169292037626357
1098,0.14855890370303232
1099,0.1285342352590927
1100,0.08671481027305616
1101,0.07813812982141405
1102,0.06385601791718448
1103,0.07340810440727624
1104,0.07812566810306262
1105,0.06652955037941141
1106,0.06270998760187138
1107,0.31258905515001323
1108,0.2985463486995312
1109,0.28606673059091725
1110,0.2175638750357629
1111,0.21323092605700178
1112,0.2162048017703444
1113,0.11994456561449929
1114,0.14514052063572858
1115,0.18108059099941864
1116,0.3285359792899849
1117,0.3278411993072192
1118,0.3185008346326763
1119,0.2669378035677179
1120,0.2505739516618031
1121,0.23022736167568447
1122,-0.09082093885397646
1123,-0.10075439225365179
1124,-0.10957448611717857
1125,0.5428683171059608
1126,0.5013564194744818
1127,0.44527707980348824
1128,0.5914831407397734
1129,0.5086036726482615
1130,0.38289774872251797
1131,0.28994555881931583
1132,0.310531857631517
1133,0.3276570969245639
1134,0.17290771957566675
1135,0.16533636421050857
1136,0.1610348458870019
1137,0.1171945576641702
1138,0.10372896631333695
1139,0.09969391603299882
1140,0.08160822690730973
1141,0.07952625858836249
1142,0.08939923555654672
1143,0.7396975304899878
1144,0.5758446842018652
1145,0.4052630111963931
1146,0.7236548423058873
1147,0.5676816017343322
1148,0.41423382376825324
1149,0.5913710258716771
1150,0.4670689829201502
1151,0.3483078164901594
1152,0.5925167008351218
1153,0.48940862828982645
1154,0.31919608016900375
1155,0.1970700760766934
1156,0.16501080203950552
1157,0.157033657075428
1158,0.12032333365359568
1159,0.1114534056000622
1160,0.1063248699450656
1161,0.0687366592147789
1162,0.07372046639186514
1163,0.07694722560136724
1164,0.0647739627891386
1165,0.06579169020161735
1166,0.06770273125216053
1167,0.05618311991447711
1168,0.06344895642984727
1169,0.07366094422387426
1170,0.23486180051302719
1171,0.2375160905455227
1172,0.22536723477656673
1173,0.2863633291857577
1174,0.26739311226050355
1175,0.23636190003540158
1176,0.2851974689022081
1177,0.2490895579171275
1178,0.2029239083356027
1179,0.1476972248553206
1180,0.13917477195990102
1181,0.14172188892920254
1182,0.12615840138839557
1183,0.11828108474208493
1184,0.11855789445291082
1185,0.0891111072707805
1186,0.08714358848531642
1187,0.08919658661679727
1188,0.16355486114845852
1189,0.15610787036312046
1190,0.14993710118970127
1191,0.10270467176331421
1192,0.09453861135784591
1193,0.09276732876361904
1194,0.06620831250748416
1195,0.07496618999767235
1196,0.0924791626775947
1197,0.9318191217030682
1198,0.8040638801933364
1199,0.6622585654823008
1200,0.8880776131781369
1201,0.7744347869779455
1202,0.6541096929846868
1203,0.7069032590080122
1204,0.6257982570863272
1205,0.5399674799399288
1206,0.48185974247710406
1207,0.5001234462652828
1208,0.41979235471347365
1209,0.24215266474100877
1210,0.19206204539709754
1211,0.177042527339835
1212,0.11841282228125846
1213,0.11716473805638303
1214,0.11903990411136064
1215,0.12496451894185578
1216,0.11752960653204947
1217,0.11376678584972288
1218,0.09248382542658162
1219,0.08439478667633238
1220,0.08478525597043585
1221,0.06935986228800295
1222,0.07574474044928414
1223,0.09110789623498028
1224,0.5985676506696758
1225,0.5215461450951973
1226,0.38519021180858837
1227,0.6171148667217887
1228,0.5378369748746616
1229,0.40791703545846425
1230,0.5546137139010734
1231,0.48934198294842823
1232,0.37753454651280216
1233,0.41430989204272894
1234,0.35712963155831356
1235,0.2740988261097159
1236,0.18467751505883173
1237,0.16179879224996968
1238,0.16312921537670982
1239,0.1007981631562049
1240,0.09301188667155111
1241,0.08987282123651938
1242,0.14740461161813
1243,0.14702047570939647
1244,0.14675684068093875
1245,0.08539389920348905
1246,0.0925544322987617
1247,0.10481550122072636
1248,-0.0033173258344965095
1249,0.02729973774249994
1250,0.06459526065083998
1251,0.5381792248743589
1252,0.5395445912764851
1253,0.5322921867688317
1254,0.3489551266164066
1255,0.3283522983890388
1256,0.30515528819190174
1257,0.04885748687574343
1258,0.023898383322613848
1259,-0.00043838162893528043
1260,0.27470180424746865
1261,0.26344683327961643
1262,0.258930676316739
1263,0.3406725529540901
1264,0.20109373502954048
1265,0.04237151616815632
1266,0.1697800870134137
1267,0.1843852222131793
1268,0.19988362250032662
1269,0.0872776930314696
1270,0.08875193982571505
1271,0.08777006826464429
1272,0.04029473504728709
1273,0.031243053583341895
1274,0.02669783279078941
1275,0.03808239296136562
1276,0.03902915417736508
1277,0.04825581865873452
1278,0.24008740992270483
1279,0.12946551600265033
1280,0.010189129289823962
1281,0.3115392592444659
1282,0.2478922242311905
1283,0.17317985984375306
1284,0.2033027160284855
1285,0.20087363931586943
1286,0.1751552279706312
1287,0.1534105237406544
1288,0.1381550149064139
1289,0.14526237994851826
1290,0.05459709942664576
1291,0.07285492411470779
1292,0.06988727964021363
1293,0.04743052280839996
1294,0.04518066451283029
1295,0.04943844569595987
1296,0.06290853876020086
1297,0.06051135042305922
1298,0.0576010388821826
1299,0.03704924675422272
1300,0.030171606939884077
1301,0.027012621213301946
1302,0.027354584933836135
1303,0.03357338779142949
1304,0.043050734043361905
1305,0.3558824842100814
1306,0.3097688110778416
1307,0.23083451303973512
1308,0.3044764795556285
1309,0.269180123151582
1310,0.20724003069640795
1311,0.20723819709561675
1312,0.18705176977109894
1313,0.13720308006106685
1314,0.17660074730971814
1315,0.159429633260839
1316,0.1137850365370282
1317,0.09977117120542628
1318,0.07447094232628787
1319,0.07383644086124524
1320,0.07889521340703651
1321,0.06788639755366796
1322,0.06422489889277203
1323,0.10937949939408198
1324,0.10763588123169732
1325,0.10501689798691571
1326,0.055880966890247796
1327,0.04542279793972148
1328,0.04005831900508894
1329,0.04040107932079251
1330,0.039130562214770626
1331,0.046114917276749656
1332,0.5101609846185051
1333,0.3537074402675098
1334,0.1988385805799846
1335,0.4564072044435188
1336,0.31847045301328714
1337,0.19354098824252852
1338,0.291788828217346
1339,0.1989018379693699
1340,0.12159531170177851
1341,0.14676046953597685
1342,0.0977481524605052
1343,0.08270767417165398
1344,0.1107204860274304
1345,0.08669027851530847
1346,0.07631087872181735
1347,0.051937686931850496
1348,0.0443300743692466
1349,0.04339325220852905
1350,0.20052317107672635
1351,0.17594643104316332
1352,0.1535697326548371
1353,0.1349432675592792
1354,0.11960140483632364
1355,0.11368190306648862
1356,0.08466220706814709
1357,0.10320794975786618
1358,0.1342768458434873
1359,0.8710620746250124
1360,0.7731387830891772
1361,0.6524776960185898
1362,0.8779717514330054
1363,0.8102632452891181
1364,0.7246939805217745
1365,0.6968907602444114
1366,0.6797912882267634
1367,0.6435874747139645
1368,0.6908289687227069
1369,0.6703199333244374
1370,0.594938887961082
1371,0.33462866108050443
1372,0.2826420939469915
1373,0.22515614691897395
1374,0.15367246095009077
1375,0.16037792071617338
1376,0.16819186094046132
1377,0.12384270488753191
1378,0.12053580264644981
1379,0.11817391172745118
1380,0.059898462164667654
1381,0.04943050684743944
1382,0.0469684760904554
1383,0.03725349844036052
1384,0.03979966730796369
1385,0.05408005185232567
1386,0.3065974159206173
1387,0.22374244385858
1388,0.13940041626879585
1389,0.38520948746335315
1390,0.33882376271087034
1391,0.29185798405125873
1392,0.3040288713184902
1393,0.3090981354959974
1394,0.3069207501448654
1395,0.24517458812234277
1396,0.22378278078161068
1397,0.23299368893357486
1398,0.08290311189582494
1399,0.10131979226927518
1400,0.118394830889537
1401,0.09062471522520851
1402,0.08922711761896127
1403,0.09200877876183042
1404,0.23828116020094092
1405,0.2294867102417777
1406,0.21891140269725518
1407,0.19289726710041122
1408,0.18119773065602351
1409,0.1718285501842265
1410,0.15093773537721922
1411,0.150888400923044
1412,0.15664605243647833
1413,0.9869094873555151
1414,0.9641715537000233
1415,0.9268228196893171
1416,1.0168690651149712
1417,0.9681030329858624
1418,0.9089807303498498
1419,0.912094989375529
1420,0.8486687186127535
1421,0.7792786141452519
1422,0.8476174182207632
1423,0.8575805515335269
1424,0.7659673033013847
1425,0.46573544359105673
1426,0.3906738713745143
1427,0.33671483422947096
1428,0.18047836782948243
1429,0.18805085409125052
1430,0.19644476974921718
1431,0.12037867691224124
1432,0.11451995937134263
1433,0.10726985095726582
1434,0.07679340558174075
1435,0.06942870779324273
1436,0.06617525731064311
1437,0.04961379811435562
1438,0.06044133675982066
1439,0.07921057091799688
1440,0.6501164868726159
1441,0.5831038176652579
1442,0.4972940431962025
1443,0.6192074607504419
1444,0.5748304327699538
1445,0.5162172675511949
1446,0.45576291788408363
1447,0.440821791314175
1448,0.4121897537954562
1449,0.39583597930127945
1450,0.4046348464378926
1451,0.3630104581094748
1452,0.24737950125283076
1453,0.20069024130173835
1454,0.15883517555788712
1455,0.13742419965103567
1456,0.14364584287858936
1457,0.1521355134618035
1458,0.1601628756865201
1459,0.15875872715911643
1460,0.1543992092660893
1461,0.0751909224019458
1462,0.06869875739757503
1463,0.0686595121845881
1464,0.04702006311926055
1465,0.05608124215050281
1466,0.07242864718036635
1467,1.0854458806133886
1468,0.8236386750346265
1469,0.5738110771834892
1470,0.864164898591181
1471,0.653447656597731
1472,0.4680822343237845
1473,0.49508968198126646
1474,0.3908668358363878
1475,0.29817973572519585
1476,0.413597904917676
1477,0.38851499361321207
1478,0.3101851517623112
1479,0.1696616891754798
1480,0.12854713057980754
1481,0.11635298226403362
1482,0.07871905425634271
1483,0.0714401060400964
1484,0.07069153883710663
1485,0.12227131387197931
1486,0.11647604747481011
1487,0.10931606429265961
1488,0.05358934317761643
1489,0.04131680742040422
1490,0.03560269858303022
1491,0.03369096650786374
1492,0.03372470921406623
1493,0.039953757002603174
1494,0.8787025471643626
1495,0.5878005726755726
1496,0.32660681557248616
1497,0.7186251851270493
1498,0.467438845651156
1499,0.2673213834782582
1500,0.5018795691368292
1501,0.3351582431072979
1502,0.21251137270575904
1503,0.4361814529877968
1504,0.31779231677771286
1505,0.20241980578270957
1506,0.14723731316066319
1507,0.08885237943920726
1508,0.07898014728212738
1509,0.07702900531961951
1510,0.06100974588145833
1511,0.05309089234987682
1512,0.1404341707176744
1513,0.13314142432320764
1514,0.12829581694385417
1515,0.10577408162550994
1516,0.09501769514812941
1517,0.09023015082296815
1518,0.07596672285756845
1519,0.07259942149612875
1520,0.07773620665191472
1521,0.6629905624328212
1522,0.5794049289219851
1523,0.4832493981476029
1524,0.6884293788155811
1525,0.5773082952816078
1526,0.46398614312820663
1527,0.6357965411298176
1528,0.5119498466091523
1529,0.3954171162788749
1530,0.31559440440502506
1531,0.30425850207041677
1532,0.2763384345431163
1533,0.21038268235851637
1534,0.17094664568756185
1535,0.15561691642791592
1536,0.06987376132503395
1537,0.06678953337237245
1538,0.06809905339028663
1539,0.10781840418811561
1540,0.10244454388210555
1541,0.10091698217885514
1542,0.07261667141788286
1543,0.06450420409262114
1544,0.06518815421961022
1545,0.05111213881865395
1546,0.05744446122454838
1547,0.0729795888184126
1548,0.5720752411214358
1549,0.4955636195196542
1550,0.396535922070566
1551,0.5347499762628412
1552,0.46259897641443737
1553,0.37804353650134837
1554,0.42406360373525964
1555,0.37322142995995145
1556,0.31192949018268856
1557,0.3461198694147483
1558,0.3019439465290505
1559,0.24147221934169577
1560,0.15979865446529823
1561,0.12657669920385034
1562,0.125885089540473
1563,0.08773453590844235
1564,0.07874254599016847
1565,0.07598475722415374
1566,0.15148335570070848
1567,0.14722971247241623
1568,0.14352293276336936
1569,0.08560276120591559
1570,0.07417625909838654
1571,0.06933188006160562
1572,0.05449617286976838
1573,0.0541080359922963
1574,0.06329204475044548
1575,0.7171348760869132
1576,0.503624843091597
1577,0.30222805000213904
1578,0.6924192357468508
1579,0.502329528722907
1580,0.33504539436522074
1581,0.5377862854796798
1582,0.40047137325840887
1583,0.2878152653057635
1584,0.3992838358816095
1585,0.33357189825765154
1586,0.21192845693475848
1587,0.16230735746049868
1588,0.1300260487227795
1589,0.12249765156362352
1590,0.09578040538258978
1591,0.08705305154432605
1592,0.08323394059674769
1593,0.10972605050246798
1594,0.13003949436960371
1595,0.13902109550019381
1596,0.05156783604553872
1597,0.05511431973490999
1598,0.05574423098813486
1599,0.0415416093055494
1600,0.04117377228467922
1601,0.03942250105189582
1602,0.8408310097053511
1603,0.40549541859708094
1604,0.02026802592702759
1605,0.7830162204904492
1606,0.42111719337401277
1607,0.11524843216278335
1608,0.4636179487163441
1609,0.2504703214850077
1610,0.07747735922671617
1611,0.20698781327866211
1612,0.22655801491003566
1613,0.17374521227401085
1614,0.06993289636378902
1615,0.07255531860922199
1616,0.05586367694359223
1617,0.043297073612930864
1618,0.028270084493070308
1619,0.025384475027943137
1620,0.11914309247420252
1621,0.11318771952485895
1622,0.10537211754194487
1623,0.05830164358076373
1624,0.04760675660842728
1625,0.042244937821008355
1626,0.04136920529334698
1627,0.050752234355720516
1628,0.06680375725181853
1629,0.5430976226669595
1630,0.4204068035797628
1631,0.2972269382991153
1632,0.44917197095861305
1633,0.35629292673501944
1634,0.26911250662587016
1635,0.42199117861481406
1636,0.33173866596569845
1637,0.23469885063165585
1638,0.34576735309581835
1639,0.289489834957951
1640,0.23266229558949164
1641,0.1561453686227185
1642,0.09024154745219798
1643,0.10194431649767027
1644,0.07295118544499643
1645,0.06881355636974393
1646,0.07030472960418196
1647,0.07961548405449448
1648,0.08511486172113236
1649,0.08777235566155439
1650,0.06766574363241395
1651,0.06737156254621701
1652,0.06706460633200506
1653,0.058800975318218596
1654,0.06283974710516715
1655,0.06962511760120527
1656,0.26617383665287897
1657,0.2739375256208769
1658,0.26825897873095195
1659,0.26985963377051925
1660,0.2589169971408547
1661,0.23712527985635412
1662,0.21048399529915351
1663,0.1875626712252052
1664,0.1565465694657997
1665,0.23103975498953228
1666,0.24876778153993315
1667,0.23933169806756532
1668,0.20128038691065248
1669,0.15335246827977927
1670,0.12350193995981579
1671,0.10654055316849811
1672,0.11264032308305225
1673,0.12122811669282105
1674,0.14704473681640873
1675,0.13541241821120997
1676,0.12562103069551944
1677,0.07141815262042406
1678,0.06207485282445169
1679,0.061479828483479215
1680,0.019664709386460144
1681,0.036573423787281234
1682,0.06236357630142897
1683,0.7258050973871628
1684,0.662210913555054
1685,0.5939857431054032
1686,0.5685502045516382
1687,0.49396226207667504
1688,0.4217302479425451
1689,0.5344393925454052
1690,0.4220930881030933
1691,0.30408158668384666
1692,0.569541022302087
1693,0.5098397478213671
1694,0.413644617188997
1695,0.2511031334798152
1696,0.15263688006242665
1697,0.10871059288519008
1698,0.07809219780302865
1699,0.0783321619204583
1700,0.08369448248565145
1701,0.13511850687715365
1702,0.1275652471806088
1703,0.12074362935304861
1704,0.1085691893227485
1705,0.1020307607610389
1706,0.09968101500644955
1707,0.08634148151674359
1708,0.09297483820705899
1709,0.10614221349424269
1710,0.5438711108674819
1711,0.5239098701653087
1712,0.49444726084025725
1713,0.6103349114760415
1714,0.5698493532620257
1715,0.524139512692994
1716,0.599035625170796
1717,0.5458964613105872
1718,0.49086914784497204
1719,0.3188704465730043
1720,0.30294449146757746
1721,0.2529367812883179
1722,0.22712383005007636
1723,0.1894893709472702
1724,0.17789757513225973
1725,0.11020511289762222
1726,0.11179335840463109
1727,0.11650111692802298
1728,0.1520951015659271
1729,0.14370067183695823
1730,0.1371896668048984
1731,0.10400615032136051
1732,0.09445596146553803
1733,0.09120051203760027
1734,0.06821473149413548
1735,0.07299331937240594
1736,0.08677615784866943
1737,0.9018901016522956
1738,0.778431661379724
1739,0.6505858202262511
1740,0.9296512506445078
1741,0.7977672149929982
1742,0.6689612417469954
1743,0.7855448844424411
1744,0.6602223167273673
1745,0.542892032617001
1746,0.47254579354562337
1747,0.4847728131671538
1748,0.44424994259930567
1749,0.2664558130824907
1750,0.21281204177755514
1751,0.2005115765409044
1752,0.1450675917605215
1753,0.1431883497956444
1754,0.14335360300166564
1755,0.1308233451167442
1756,0.1318070554130244
1757,0.13092671725670502
1758,0.06403007711216424
1759,0.05758018484487848
1760,0.05552357858322998
1761,0.05464582636033888
1762,0.05966827461320512
1763,0.07102831953845246
1764,0.7924561528184422
1765,0.4749800482088029
1766,0.1911810967508496
1767,0.7755533089792233
1768,0.4861090525950795
1769,0.24549089180422023
1770,0.5295373176212304
1771,0.31901578766126826
1772,0.1568238196308125
1773,0.3161637989232197
1774,0.28293634230214465
1775,0.1990050290845276
1776,0.1254253250143717
1777,0.09211559256076368
1778,0.1049210798578128
1779,0.08456932029422279
1780,0.0746086727796855
1781,0.07048390031748217
1782,0.15837965996381942
1783,0.14314820379919957
1784,0.13379508311100863
1785,0.11643250249580617
1786,0.09907421706940212
1787,0.0923155285215278
1788,0.08241564663629375
1789,0.0794319691005112
1790,0.08873162092340059
1791,0.6443779073022962
1792,0.5314988360770736
1793,0.3937858922102715
1794,0.5466278179672168
1795,0.4382403011452818
1796,0.31544893657469353
1797,0.34492566269186065
1798,0.2685370782859844
1799,0.18394170405529686
1800,0.4918227109951028
1801,0.3591676934795884
1802,0.23876505471880166
1803,0.19607890340034467
1804,0.15330392995807868
1805,0.1343418509251872
1806,0.1369871918882168
1807,0.13451294468963423
1808,0.1343841377106156
1809,0.11735650240872153
1810,0.10821061091796103
1811,0.10143585712164138
1812,0.06341636391789307
1813,0.052445865964841465
1814,0.04899542463070872
1815,0.03539688105350414
1816,0.03873624974054102
1817,0.04999878262340629
1818,0.8741256491369109
1819,0.6587666324512862
1820,0.44937651880367135
1821,0.7452807380382718
1822,0.5399899602863167
1823,0.3616697169668266
1824,0.5570346373701194
1825,0.3976521489966951
1826,0.2726309292374618
1827,0.4038136388891883
1828,0.2886511724723564
1829,0.24471834344474538
1830,0.15656808334564504
1831,0.1042572940267616
1832,0.09280329416408678
1833,0.06871911895994251
1834,0.056391181075366975
1835,0.051040945379431685
1836,0.12973852051549684
1837,0.12838830646969845
1838,0.1238481541188301
1839,0.0906272784614035
1840,0.08664990600284894
1841,0.08330167729410376
1842,0.06744834280668921
1843,0.07906306020053644
1844,0.09136807144203352
1845,0.40909502485298455
1846,0.348368197614189
1847,0.292025731399445
1848,0.36542893008988764
1849,0.341826886149587
1850,0.32431333318168876
1851,0.24428560573307956
1852,0.25917579343361674
1853,0.2719909103228739
1854,0.3005441837158313
1855,0.26817496842133454
1856,0.2168834453459616
1857,0.17983739665631754
1858,0.1411635547839118
1859,0.10333922526786926
1860,0.11596407247225013
1861,0.10261194267155702
1862,0.09472946181047345
1863,0.15681079191339609
1864,0.16360523187115628
1865,0.16303801968936926
1866,0.07823539222502052
1867,0.07592410448263442
1868,0.07698031993781806
1869,0.05533944098421517
1870,0.06188141689505655
1871,0.07200997272871024
1872,1.016427445104011
1873,0.6823275917000837
1874,0.3824260429913091
1875,0.86950338580456
1876,0.6032948029546186
1877,0.37855640222742815
1878,0.5642645101068633
1879,0.43501897005264945
1880,0.3212717170317314
1881,0.4215477414651024
1882,0.4145533333498447
1883,0.29169527673482076
1884,0.13554472486328079
1885,0.10879477998670145
1886,0.10274991084772273
1887,0.08117882389444617
1888,0.06885861390207568
1889,0.06495701516418104
1890,0.11989945891550735
1891,0.1310832148041683
1892,0.1397159665708505
1893,0.05245273327699862
1894,0.052603441295836495
1895,0.057155358862105876
1896,0.03231239893314153
1897,0.03844980247135843
1898,0.05158382556812824
1899,0.6231046616013425
1900,0.36879939094323455
1901,0.14213820516355846
1902,0.6143744320027589
1903,0.415610941516672
1904,0.2499502146204231
1905,0.44473674067944224
1906,0.33615111236033735
1907,0.25360419086424835
1908,0.2501922609588265
1909,0.20894315169628505
1910,0.1571149283895973
1911,0.07057635251872257
1912,0.08505010756438564
1913,0.10624459811962156
1914,0.09122290248718343
1915,0.08258392347340635
1916,0.07964342425657076
1917,0.13177862114811556
1918,0.11156292989987437
1919,0.09929513670028789
1920,0.10178468270806884
1921,0.089606706187215
1922,0.09072367276438142
1923,0.0677303062641117
1924,0.08177183392265497
1925,0.11147938019780113
1926,0.8527662339371995
1927,0.7135875504903988
1928,0.5479885479151216
1929,0.8833364842390063
1930,0.7465165894841272
1931,0.5891660594981227
1932,0.7515401015625225
1933,0.638627434645809
1934,0.5083542005054194
1935,0.3147422767530037
1936,0.2840418638947508
1937,0.2338176926226035
1938,0.25934581277330876
1939,0.2174086628782001
1940,0.1849882635401538
1941,0.19220024042867265
1942,0.19470256803355054
1943,0.19616109499602083
1944,0.11198485101235423
1945,0.12834582200561395
1946,0.13975290234481874
1947,0.07111566519473445
1948,0.07496484188025732
1949,0.07913345500503666
1950,0.04673474767024621
1951,0.05936520643804566
1952,0.07684604018051533
1953,0.32291168225142663
1954,0.3592313957368243
1955,0.3835187412754062
1956,0.33587011696444
1957,0.3662245639979569
1958,0.38482168810510253
1959,0.37073381412774276
1960,0.37307268622849343
1961,0.3606048483614013
1962,0.44480019066426374
1963,0.47954933417330553
1964,0.4484156375435191
1965,0.16799964357326486
1966,0.1344969128780526
1967,0.10912623841745622
1968,0.10880120466492235
1969,0.11493752195748183
1970,0.12458568671028056
1971,0.24027794581909023
1972,0.2252755514145457
1973,0.2135785646919215
1974,0.19330719291772858
1975,0.18023013779968244
1976,0.17542045768771586
1977,0.14660673531622392
1978,0.1511868591347978
1979,0.16753625976701136
1980,0.9495738379454759
1981,0.9080006973082215
1982,0.8448907381469264
1983,1.05569486408373
1984,1.0004866502532759
1985,0.928119631605153
1986,1.0161835482929542
1987,0.9612989837769386
1988,0.8930468709833372
1989,0.8062088114811033
1990,0.8014019078951027
1991,0.7214910757225963
1992,0.4646591999578957
1993,0.4115951878140817
1994,0.3684649982030885
1995,0.1719918590944509
1996,0.18028063776737388
1997,0.18881001762132746
1998,0.1843209843822613
1999,0.17649380409243842
2000,0.16671125257470343
2001,0.13985914117931286
2002,0.12963239161293294
2003,0.1207048010118894
2004,0.10621060084089584
2005,0.10481145187546281
2006,0.107518618130104
2007,0.8294163125854193
2008,0.8187057606816064
2009,0.7941303344026773
2010,0.844523726877622
2011,0.8115511838129346
2012,0.7692245562210582
2013,0.7637884684254426
2014,0.7199067831138246
2015,0.6712805673411959
2016,0.36331216157840496
2017,0.3751632428985001
2018,0.359937171128913
2019,0.2893438978515767
2020,0.24689114177964638
2021,0.2221772381454689
2022,0.057131929386483454
2023,0.0613905869238249
2024,0.06946174876061353
2025,0.2569240319787658
2026,0.24098615901542053
2027,0.22539527383912783
2028,0.1686347036482212
2029,0.1511943901299373
2030,0.14041400907272084
2031,0.11187548121858071
2032,0.11454199841580937
2033,0.1279624500847356
2034,1.1390006248925
2035,1.071879350483908
2036,0.9904181532622796
2037,1.0502541441351918
2038,0.9793978558499499
2039,0.9016726359655787
2040,0.7457228995270067
2041,0.6964131198831292
2042,0.6447148302206751
2043,0.7535382864801807
2044,0.7259841096193618
2045,0.6100413776546825
2046,0.40606751389641
2047,0.3670629082540681
2048,0.3266339548683436
2049,0.1494756486115509
2050,0.152352582911186
2051,0.15705536395779326
2052,0.08709145361074966
2053,0.0984696256493709
2054,0.10165617942360217
2055,0.04510983141837932
2056,0.04201223810787158
2057,0.04053397437268891
2058,0.04926654996841484
2059,0.05233056076074738
2060,0.059988434786177214
2061,0.24669901014831574
2062,0.14319987702026205
2063,0.017358216678968086
2064,0.3491752121262659
2065,0.3131153903307473
2066,0.22307600621577373
2067,0.297130003749299
2068,0.3245678410123072
2069,0.25190130733821214
2070,0.2740019034625848
2071,0.24952006938204904
2072,0.223691289256622
2073,0.05841069073276811
2074,0.08570149967967028
2075,0.1044191995797154
2076,0.060433304094601875
2077,0.058391770700268436
2078,0.06370117897951397
2079,0.05859640424686208
2080,0.05912272928233597
2081,0.05865059272012796
2082,0.049366766480552604
2083,0.04824905043948724
2084,0.04860998499610658
2085,0.04170979606997771
2086,0.047930579875312906
2087,0.05752379254164253
2088,0.159503756446558
2089,0.15778884473328625
2090,0.1479827131277427
2091,0.22818938918804244
2092,0.20933978112730878
2093,0.18545130251389375
2094,0.24033877489722166
2095,0.21130164930467665
2096,0.17966798065620204
2097,0.19273041180931846
2098,0.18109622375961448
2099,0.17398908318864176
2100,0.09437039800634922
2101,0.0846259935771893
2102,0.07949512843389955
2103,0.09249699521981189
2104,0.08948207352644719
2105,0.09021742902965532
2106,0.16659440159887118
2107,0.17207652922592387
2108,0.1755960345721197
2109,0.14324666076556247
2110,0.1447881716710968
2111,0.14853652717826704
2112,0.1211888818172111
2113,0.1345156758468986
2114,0.15348940890603102
2115,0.8394006383330004
2116,0.9064124287138464
2117,0.9587063516907615
2118,0.8835858605490723
2119,0.916641206407544
2120,0.936503440814118
2121,0.7638077615490142
2122,0.7698568642485635
2123,0.7651107440555445
2124,0.5064523706567763
2125,0.45691573556122905
2126,0.4198727361843169
2127,0.46703206104538614
2128,0.40180983686074606
2129,0.34250781890664145
2130,0.23237482712105298
2131,0.2483028450670827
2132,0.2633972760210813
2133,0.1587914810205715
2134,0.1528089043390446
2135,0.14896306017262417
2136,0.09096792611809135
2137,0.08000472037321216
2138,0.07681406270477864
2139,0.05398766629875573
2140,0.05464215807176287
2141,0.06653362886934366
2142,0.8068350867862757
2143,0.6507023165625692
2144,0.4859694654967053
2145,0.7894742436525457
2146,0.6468730958426046
2147,0.504726129515259
2148,0.6180772119125175
2149,0.5130701604137438
2150,0.41343271567040696
2151,0.3249989392816795
2152,0.28126785442048474
2153,0.22716163399825612
2154,0.19044537746430906
2155,0.17443319405901908
2156,0.16410082259168485
2157,0.10845884878672654
2158,0.10556083725030038
2159,0.10599927703688031
2160,0.14513179403088272
2161,0.13113215626826036
2162,0.113053931051742
2163,0.07266153717462465
2164,0.05952942250361004
2165,0.04919335597888419
2166,0.020635818024270725
2167,0.03379088212804482
2168,0.05468840002633768
2169,0.6431679045905521
2170,0.5469565125800353
2171,0.4341823984297799
2172,0.5752522621358873
2173,0.5170828661561127
2174,0.45080472963189444
2175,0.3304452192901943
2176,0.3017794211757343
2177,0.2672200403448779
2178,0.26660434863220417
2179,0.2429289917466741
2180,0.2531256408862516
2181,0.2217728995769334
2182,0.17375563989956072
2183,0.11726397246138726
2184,0.07958998655273838
2185,0.08447131939477423
2186,0.09351900637129482
2187,0.08152544262590466
2188,0.07735148682673176
2189,0.07320143712022342
2190,0.062264991966060945
2191,0.05892562791936551
2192,0.05927967443530835
2193,0.042128454829847284
2194,0.05498094564679401
2195,0.07295683543585851
2196,0.4097632700575924
2197,0.3135830855464088
2198,0.21698508806532524
2199,0.4351939602047106
2200,0.34092515788951183
2201,0.25282192061143527
2202,0.3826901160290215
2203,0.3019654687845412
2204,0.22779703626867964
2205,0.22071275831859583
2206,0.1806890593927443
2207,0.11824367467838465
2208,0.13464102192019117
2209,0.11092814071744334
2210,0.09868883790477495
2211,0.11647292822022101
2212,0.10832101609614939
2213,0.10397697823812976
2214,0.09629403281343385
2215,0.09217070604515754
2216,0.0912492886694325
2217,0.07836734159397785
2218,0.06936425802494539
2219,0.06746719574943127
2220,0.06204162549266079
2221,0.061099908006418735
2222,0.06956176510535861
2223,0.466158987583736
2224,0.41666020531750925
2225,0.3549302152080538
2226,0.48443549720776624
2227,0.4161603825143454
2228,0.34631858021516515
2229,0.4135127957418627
2230,0.3385040057508031
2231,0.270273143431208
2232,0.34793636439224446
2233,0.3164531699508727
2234,0.2584763840209676
2235,0.1727251953901669
2236,0.13780627318991095
2237,0.12894636383497454
2238,0.09385369783541972
2239,0.08831271362568824
2240,0.08710524602942557
2241,0.13300694915126754
2242,0.12886524892921414
2243,0.12667611196184736
2244,0.10469344770587496
2245,0.0995398065410702
2246,0.09983093877301186
2247,0.08327025770792296
2248,0.08912940199949992
2249,0.10251293368450098
2250,0.599069502143305
2251,0.5683496719876866
2252,0.5158308227820607
2253,0.6285088543623767
2254,0.5824092124489051
2255,0.521814224571113
2256,0.5920473039847247
2257,0.5436540459835977
2258,0.48638992719552854
2259,0.4494900797034226
2260,0.4454173739402894
2261,0.4097824578825293
2262,0.2389225194008197
2263,0.19900219257806911
2264,0.1829050272687675
2265,0.08039968444052534
2266,0.08028346082366908
2267,0.08413084212247032
2268,0.34888652137102727
2269,0.31713341564041797
2270,0.2812792554899344
2271,0.23640913155301546
2272,0.20928937437751727
2273,0.18441970267153152
2274,0.1430863518319716
2275,0.1468484007517714
2276,0.15802537531166272
2277,1.3011290100150001
2278,1.207884604023928
2279,1.0969158993477885
2280,1.4163989841793916
2281,1.3218714257996391
2282,1.216112478489347
2283,0.9927858174450785
2284,0.9253595007263693
2285,0.8534289327343283
2286,0.4225577752427534
2287,0.41859482152062444
2288,0.394699669112775
2289,0.4497435559759477
2290,0.4738958749081634
2291,0.3761714552904491
2292,0.17954287585008546
2293,0.18947384424164807
2294,0.20022985818706482
2295,0.20358927356060064
2296,0.19646644485240627
2297,0.19689036456975706
2298,0.1636782815030402
2299,0.16264517093009068
2300,0.17209598726141961
2301,0.1282099885763477
2302,0.14486817535730245
2303,0.17126930684171504
2304,0.8075067411063339
2305,0.7163961430439907
2306,0.5779918320904154
2307,0.8559411066435241
2308,0.7499103670281324
2309,0.6100642333969513
2310,0.8301226596938813
2311,0.7263494309180596
2312,0.5990441031673408
2313,0.6472672462609704
2314,0.6162377515414672
2315,0.5343675470642821
2316,0.24615476147026077
2317,0.21832669292332602
2318,0.22089315225564826
2319,0.10364235060945123
2320,0.09718912003798694
2321,0.09479603003428436
2322,0.17819591566760606
2323,0.16219000237583336
2324,0.15651540088428617
2325,0.1393832770938166
2326,0.13167266867804428
2327,0.13718462606818504
2328,0.1087502162788867
2329,0.12349913257273903
2330,0.1502482295527814
2331,0.7653237198649772
2332,0.7227196677504504
2333,0.6250183362480579
2334,0.7108491981828247
2335,0.6822100589555868
2336,0.6038820133876721
2337,0.5513682591135416
2338,0.5522620917430852
2339,0.5060732023112673
2340,0.41279783944018406
2341,0.34090973706355016
2342,0.2916362181725894
2343,0.2126540711509532
2344,0.17608414080093832
2345,0.16393821611931075
2346,0.17876545480771175
2347,0.1761986513981537
2348,0.1734551705247804
2349,0.315392957905116
2350,0.29443267473240886
2351,0.2844654669158009
2352,0.26050996011526073
2353,0.25122168370939035
2354,0.2568650462240798
2355,0.20386946987883525
2356,0.21959031973988252
2357,0.2507179623567948
2358,1.243592474283883
2359,1.0520883427695191
2360,0.8459072112291148
2361,1.3083756819843269
2362,1.1064184611851398
2363,0.9020706995755854
2364,1.2787391772000343
2365,1.0910911082289483
2366,0.9094647183744906
2367,0.8259636765843581
2368,0.7809440768462512
2369,0.721665380397456
2370,0.3965805124621546
2371,0.3526609147842094
2372,0.3386095372032773
2373,0.15862835822482232
2374,0.156614640609373
2375,0.1547052162919321
2376,0.17925756657460545
2377,0.1718866207213876
2378,0.16747436315771025
2379,0.12324701879388988
2380,0.11645258386125668
2381,0.11694701992271006
2382,0.08540724454408966
2383,0.09337091587622992
2384,0.10954150722708333
2385,0.8988411800346479
2386,0.6684565293449902
2387,0.44772231846353017
2388,0.9015954239651303
2389,0.6785939886272667
2390,0.47722170559071864
2391,0.777889369230149
2392,0.5869427218615295
2393,0.42357994722692305
2394,0.503770289016391
2395,0.4613455834567915
2396,0.3247896665021261
2397,0.17682930955896653
2398,0.13858049384412746
2399,0.1460660293765787
2400,0.12748529896198588
2401,0.11821209449687517
2402,0.11227687910964398
2403,0.2542304721230282
2404,0.21839297029694094
2405,0.19468943418528517
2406,0.20911270652556424
2407,0.18662157036411542
2408,0.17918593312124265
2409,0.16278795885319286
2410,0.16727573328512668
2411,0.18521316928045706
2412,1.0431971953807955
2413,0.8744572499597576
2414,0.6827559722312737
2415,1.0491469154390638
2416,0.8943124907084832
2417,0.7253168909929963
2418,0.909157865381726
2419,0.785398891499508
2420,0.6535296250914906
2421,0.7216725551616131
2422,0.6379051113896136
2423,0.4376806079344656
2424,0.27998308794825005
2425,0.25204536907066805
2426,0.2476967322008043
2427,0.21805311474964936
2428,0.20593389476867316
2429,0.1912101514670624
2430,0.23190210542996037
2431,0.220985476999491
2432,0.20951866302366162
2433,0.1712835370438659
2434,0.16005447824332975
2435,0.1531883169815449
2436,0.12672927308417825
2437,0.13207341804225492
2438,0.14544551925203186
2439,0.914012444890002
2440,0.8772608796296846
2441,0.823753313671798
2442,0.9840759225292539
2443,0.9390834879414991
2444,0.8822445117702495
2445,0.8692714592235087
2446,0.8320636825957275
2447,0.7869687916553227
2448,0.5614330842107316
2449,0.5561603669000639
2450,0.5158438688775986
2451,0.38485854865583397
2452,0.3599080917958552
2453,0.33304114516294264
2454,0.11934328702363836
2455,0.12650286977982947
2456,0.13587180006459373
2457,0.35535120402776754
2458,0.31623264373344084
2459,0.2802426775705882
2460,0.22845047121690576
2461,0.19866332989544566
2462,0.1804295699678471
2463,0.13025451529663967
2464,0.13816848656949587
2465,0.1625641000657596
2466,1.33056802082535
2467,1.2854569952428856
2468,1.209433739558474
2469,1.3082789635251368
2470,1.2582370288296085
2471,1.1800294377414497
2472,0.873873850974203
2473,0.8501954658872075
2474,0.8022780565186418
2475,0.6796322674478716
2476,0.72776557191116
2477,0.713123399763959
2478,0.5391734367215313
2479,0.5271240828087587
2480,0.45684199291691113
2481,0.2698907392051295
2482,0.2840161681058173
2483,0.2946742287901526
2484,0.0805238740614278
2485,0.09357937569913655
2486,0.10269458227980421
2487,0.039486185046868405
2488,0.0353996377582797
2489,0.03491590586564697
2490,0.0397675772968229
2491,0.038388021992007415
2492,0.044080667506399385
2493,0.29737825413111474
2494,0.21955602403111762
2495,0.1396305576332788
2496,0.2791087120938267
2497,0.23512288382159974
2498,0.18857946666031133
2499,0.1766530357031224
2500,0.17528330011901638
2501,0.15755967781093383
2502,0.15568411449874456
2503,0.13887219748900959
2504,0.13216902269565303
2505,0.05691291222013278
2506,0.04925823292670989
2507,0.056488656875159415
2508,0.05492486848531472
2509,0.04874540109427125
2510,0.05021093952163655
2511,0.11571743386359201
2512,0.1284450945577278
2513,0.1338509756569708
2514,0.055280883747721665
2515,0.0481373913166292
2516,0.04231893653996699
2517,0.052213144182106985
2518,0.049527897643500074
2519,0.04978656765131695
2520,0.6125771169789511
2521,0.4048422548555488
2522,0.22067000037786166
2523,0.4903487858973927
2524,0.3462684487366625
2525,0.22743017834734425
2526,0.303026986224179
2527,0.24576518108531453
2528,0.18893628677966157
2529,0.3878138669721271
2530,0.35813862698213933
2531,0.24729981181619387
2532,0.13326043936602522
2533,0.08423325052824898
2534,0.07535470105016534
2535,0.0845977970801651
2536,0.07065281623481343
2537,0.06472548951410859
2538,0.23006925617887908
2539,0.2147886375651893
2540,0.19478250616658666
2541,0.15538868998830302
2542,0.14341883112908937
2543,0.13280602430197574
2544,0.08899285410109115
2545,0.10526571168053223
2546,0.12803857031402877
2547,0.5744949809222215
2548,0.5826344468019296
2549,0.5762590514321995
2550,0.8205839922723863
2551,0.8157350487809902
2552,0.7986045340409442
2553,0.6750182642405458
2554,0.6609581111294853
2555,0.6377548987210242
2556,0.5828562034004263
2557,0.598425761323176
2558,0.5769407942764531
2559,0.38470140967283756
2560,0.4009986111788821
2561,0.31549449581647954
2562,0.15453474993519076
2563,0.17201159222462278
2564,0.19084593252842272
2565,0.27861836852451805
2566,0.2293776504784082
2567,0.1917805365125529
2568,0.1836276134068251
2569,0.14815926429274717
2570,0.13169977467800087
2571,0.11197935641435541
2572,0.11225207032818729
2573,0.1288340673747752
2574,1.1803048474379347
2575,0.8280096867136246
2576,0.46264597613000213
2577,1.1353464315757231
2578,0.8175487110982653
2579,0.49348106524299973
2580,0.9640391263813763
2581,0.7371959786858577
2582,0.4962457007661778
2583,0.8251922494861912
2584,0.6014355392994686
2585,0.32444911128705517
2586,0.19723175291503464
2587,0.15799063533892704
2588,0.1607240138958232
2589,0.17810974528218013
2590,0.16462311588370135
2591,0.15070562224201486
2592,0.07931794997401176
2593,0.08315078674736198
2594,0.08682397599577008
2595,0.05707677216366114
2596,0.05564307945533975
2597,0.057601242035008715
2598,0.043155370144779104
2599,0.049611087668814724
2600,0.06174642034898148
2601,0.40597403466123816
2602,0.3548943232127153
2603,0.28845960268060034
2604,0.400384206175769
2605,0.3431782295461796
2606,0.27658017567506143
2607,0.3286097737995244
2608,0.2750299439943229
2609,0.2152567782185566
2610,0.3282717278150543
2611,0.3234681679832547
2612,0.27210137836608517
2613,0.1619961073491884
2614,0.1176100776295605
2615,0.10341063516589694
2616,0.09881370642232931
2617,0.09476698064024877
2618,0.0948020231564006
2619,0.12170239334728872
2620,0.12973600048761447
2621,0.13748914843804427
2622,0.05709831702234047
2623,0.05959219049931064
2624,0.06683167956659353
2625,0.0179374389407998
2626,0.0274963695410404
2627,0.04363950950432893
2628,0.6055932735974887
2629,0.38358066478113195
2630,0.1819231434988604
2631,0.5731013675112957
2632,0.3779952802794322
2633,0.21733827534022176
2634,0.43933169638286196
2635,0.2939518735807918
2636,0.19001519510188936
2637,0.22039091346238335
2638,0.18539381009756595
2639,0.14712824308298691
2640,0.08705389132951774
2641,0.07290035147524415
2642,0.08930254148751254
2643,0.09883502850617379
2644,0.08886379505166578
2645,0.08391705916809808
2646,0.07743770167539998
2647,0.07277046294208822
2648,0.05898143694798352
2649,0.044952378805483084
2650,0.0377084570423738
2651,0.025126909978533396
2652,0.028434329235336397
2653,0.035286775275267024
2654,0.034943078691855645
2655,0.35391052376339993
2656,0.17140375094602356
2657,-0.004917086131189796
2658,0.3568479684202084
2659,0.21200457418056495
2660,0.07319667881209235
2661,0.29467357486464274
2662,0.1973900553668353
2663,0.09247663652343996
2664,0.15490964822991068
2665,0.11453805189254962
2666,0.08967377163359036
2667,0.062449222901622414
2668,0.047744552731941725
2669,0.05561915401159284
2670,0.12195451059599946
2671,0.09696758142091108
2672,0.08004671107234648
2673,0.1356778143558326
2674,0.13914180964907863
2675,0.1428351350454553
2676,0.06954996880438258
2677,0.06004679818192549
2678,0.06075663717191282
2679,0.0506513568672593
2680,0.048140106034674224
2681,0.05785149282262281
2682,0.870918632077686
2683,0.579051165611727
2684,0.3067370063457384
2685,0.8283344639321337
2686,0.6033977583668639
2687,0.39771834252094274
2688,0.4948665266601149
2689,0.3914213205700856
2690,0.2917004982185143
2691,0.27466844406950724
2692,0.2720451375697464
2693,0.23361637371781296
2694,0.10062281166786397
2695,0.1161178403843452
2696,0.10999102406301636
2697,0.06044362770700448
2698,0.04972033373093729
2699,0.04823607839176888
2700,0.0720111042329259
2701,0.10408547159426518
2702,0.12083084786098364
2703,0.05883089608461112
2704,0.07834012471045404
2705,0.08685539266590481
2706,0.049126699191846646
2707,0.06758552725702649
2708,0.0755020331509948
2709,0.3384631721722935
2710,0.32636567564287255
2711,0.20800418419316835
2712,0.3228399741681012
2713,0.30874911789892345
2714,0.20504754194686492
2715,0.2343275070206483
2716,0.2226064324834136
2717,0.1354673041682839
2718,0.28218630079456275
2719,0.2708883730541204
2720,0.18399738600532842
2721,0.08793622070408252
2722,0.07116482900066051
2723,0.08369489788260948
2724,0.1154751911458339
2725,0.09949723374732142
2726,0.09008196355395556
2727,0.08164183260188529
2728,0.08302134737417766
2729,0.07901100473620803
2730,0.053639242112756724
2731,0.05499096631838252
2732,0.05331597316125758
2733,0.03166981694841353
2734,0.042511058617259456
2735,0.05068284460427708
2736,0.32697151811296643
2737,0.1942227652590527
2738,0.07721440279928182
2739,0.3862241136944784
2740,0.2557505048965789
2741,0.14833885521326473
2742,0.3622312948734925
2743,0.23940536213164543
2744,0.1423240629339626
2745,0.286714649937704
2746,0.2778730519382812
2747,0.2600412981321706
2748,0.09701972901491368
2749,0.09064144068552421
2750,0.09589937794768039
2751,0.1060561553977126
2752,0.08307178413895641
2753,0.06730144713966277
2754,0.16894015074330482
2755,0.15641179002669836
2756,0.14214792420695743
2757,0.11729697611061218
2758,0.10292400482770048
2759,0.09058701766402577
2760,0.07968528943692355
2761,0.07670708581613872
2762,0.07891482039031827
2763,0.901889058377787
2764,0.8217280004794782
2765,0.7279122959087057
2766,0.8703027721157606
2767,0.7721381471115303
2768,0.6668305375891317
2769,0.7328624505098242
2770,0.6305396498736224
2771,0.5270452282088309
2772,0.579863395161641
2773,0.5426623176649624
2774,0.4660360490839953
2775,0.28852884886629665
2776,0.22389057855894817
2777,0.1879846310403756
2778,0.08899246392585855
2779,0.08931185524277993
2780,0.09308537231451572
2781,0.1839780416076573
2782,0.17685344126529556
2783,0.17384460851613048
2784,0.13547748229179546
2785,0.12524973272926565
2786,0.12428521014017568
2787,0.09534013578055478
2788,0.09721204641865788
2789,0.11174942432699608
2790,0.8372153260320483
2791,0.7427899379197778
2792,0.6289740274303564
2793,0.8865211834360844
2794,0.7852851156799512
2795,0.6705854841257628
2796,0.8066566121695156
2797,0.7135140666530015
2798,0.6111029619282073
2799,0.5781249771957193
2800,0.5245064713780281
2801,0.44405896116587823
2802,0.29525617529657383
2803,0.2559563379466114
2804,0.2382961310794664
2805,0.17690948468839404
2806,0.1779531678115117
2807,0.17881143641605593
2808,0.06004614290789134
2809,0.06116596245257511
2810,0.05700744320133366
2811,0.04097148100122161
2812,0.033513590220967115
2813,0.025429346775506678
2814,0.03453961417240481
2815,0.035566388778071056
2816,0.03695927620815964
2817,0.36007910928485054
2818,0.291572905930064
2819,0.198451625896791
2820,0.348581282134685
2821,0.2786348478892189
2822,0.19168115486310122
2823,0.29266341574000543
2824,0.22917926846147574
2825,0.14668592302180294
2826,0.2159974064263387
2827,0.1783952139143191
2828,0.11106566552411173
2829,0.08742395215555815
2830,0.06351652660444879
2831,0.0633515942718636
2832,0.07328987994871003
2833,0.05819693459913852
2834,0.05106161659428962
2835,0.10165190424880932
2836,0.10494825671993335
2837,0.10590678376960017
2838,0.0836169737054584
2839,0.08103035475090947
2840,0.07970419923353744
2841,0.07086838998844036
2842,0.07554227045899586
2843,0.08474189131065812
2844,0.29756549444639924
2845,0.3065559820388837
2846,0.30115706551256616
2847,0.31666047954119514
2848,0.3087920324223996
2849,0.2893510507810044
2850,0.2648255313191863
2851,0.24556240827795883
2852,0.21702762498234685
2853,0.29376757591253244
2854,0.2961188575761595
2855,0.2756445067487868
2856,0.18485497510865562
2857,0.1494946746159877
2858,0.13344822955081165
2859,0.10331563932352547
2860,0.10905867485923257
2861,0.11770734851646289
2862,0.10610540281902892
2863,0.09365603438892633
2864,0.08408968373078962
2865,0.05814502921890585
2866,0.0435389862275668
2867,0.03658913078222681
2868,0.033629677545222725
2869,0.03322261527683934
2870,0.0401099077639413
2871,0.7782215715858849
2872,0.5260031477676785
2873,0.31624040931613373
2874,0.7034538565844708
2875,0.4475523487052977
2876,0.25827461585039324
2877,0.5723502979657236
2878,0.3458868521489473
2879,0.194316388544163
2880,0.4468639747685038
2881,0.29375335538967573
2882,0.22246572647349627
2883,0.11874206207277277
2884,0.07401268137313094
2885,0.07558476479444026
2886,0.06886838521977509
2887,0.05105527220756176
2888,0.041848201001633084
2889,0.09737340599219357
2890,0.10391799491933607
2891,0.10567204814800824
2892,0.07896528194159269
2893,0.08009971646499703
2894,0.07963739068945297
2895,0.06312902058336234
2896,0.07346807551855128
2897,0.0834423965514286
2898,0.2714601169509303
2899,0.25345096459441785
2900,0.20947031993976517
2901,0.3010628670292841
2902,0.2914792414037033
2903,0.25740167295184
2904,0.25025942170205817
2905,0.2520643002370344
2906,0.22682498578909027
2907,0.21971099794444304
2908,0.2046836772711973
2909,0.189294881076113
2910,0.1512509131339747
2911,0.12975270898837893
2912,0.1088129415163363
2913,0.1176411900214179
2914,0.1072903829716689
2915,0.10131816859266882
2916,0.07916993371921488
2917,0.10639896985628439
2918,0.11671497630327532
2919,0.04004092857440589
2920,0.04246324313045391
2921,0.035868600210114954
2922,0.040561970996499275
2923,0.03612230106786618
2924,0.024882393541668213
2925,0.3636627913159709
2926,0.24220877892923576
2927,0.09061594585679367
2928,0.3003876561777441
2929,0.22293121241005687
2930,0.10553188563036664
2931,0.1998550138312647
2932,0.1690577481498503
2933,0.07308567243228148
2934,0.26206585611616345
2935,0.2936874649210846
2936,0.17073052198133937
2937,0.07959667334531678
2938,0.05629882403204872
2939,0.061065981367651234
2940,0.06034468915130106
2941,0.04586807371428234
2942,0.042644980210330224
2943,0.2496298172935416
2944,0.2265632358650682
2945,0.19979846535832357
2946,0.14975472811366308
2947,0.13038568270968454
2948,0.11298701004873712
2949,0.08547957429209929
2950,0.09247980039911297
2951,0.10598502468650017
2952,0.9874213596385852
2953,0.8832754980240163
2954,0.7652961290593903
2955,1.0736683473241124
2956,0.9728378590377498
2957,0.8648934795440761
2958,0.7473725731793162
2959,0.6704283093479939
2960,0.5920405274884468
2961,0.333135685554901
2962,0.34762519972200984
2963,0.3544600765082835
2964,0.29057332358850013
2965,0.31365078322451984
2966,0.26878791318443523
2967,0.12155203327079775
2968,0.12664751595627174
2969,0.13435548189612342
2970,0.2402596132733803
2971,0.22391023040799296
2972,0.2116572336817535
2973,0.17316458489799635
2974,0.15925570971068992
2975,0.15481967654021545
2976,0.1278288474552427
2977,0.13264027658889943
2978,0.14899668335844551
2979,1.0634671748042275
2980,0.8884033568018419
2981,0.7063395555165182
2982,1.0505942256608558
2983,0.8779784193473399
2984,0.7111435777876063
2985,0.9286529425956582
2986,0.7876858550452932
2987,0.6594856457157159
2988,0.6680335349337204
2989,0.6045400924108915
2990,0.5221156996846315
2991,0.271802707884043
2992,0.23760492705406205
2993,0.22758426958275274
2994,0.09132485097478746
2995,0.08677658331691393
2996,0.08639606570317501
2997,0.11656421902517411
2998,0.10705654806317066
2999,0.09484152298029236
3000,0.06867506012432556
3001,0.06772959010810786
3002,0.07067682592423963
3003,-0.013222504378230804
3004,0.015700741923233563
3005,0.049879478005382394
3006,0.641652016901116
3007,0.5609883191557936
3008,0.4655678226315241
3009,0.4470080699409602
3010,0.39601607843659203
3011,0.3417295165789265
3012,0.06526571699183514
3013,0.0354556073542478
3014,0.004845496642442493
3015,0.43077619535522177
3016,0.42446209276822866
3017,0.3401360497475865
3018,0.26300983986987964
3019,0.13517690085058204
3020,-0.048976034008828384
3021,0.10705959943361296
3022,0.11221655569663433
3023,0.12031660046697976
3024,0.20454046328610764
3025,0.1989626233820425
3026,0.20010528457869525
3027,0.1822946416870932
3028,0.1792991320044306
3029,0.1866669391606377
3030,0.15404405737219995
3031,0.16587275377283084
3032,0.18989524487282394
3033,0.8742032121605201
3034,0.8387509497094607
3035,0.7739421094433363
3036,0.9781644543387638
3037,0.9265108914400566
3038,0.8512764293235586
3039,0.9758492872775515
3040,0.9182570399666015
3041,0.8421381907821195
3042,0.7019652628224518
3043,0.6704360026384382
3044,0.5752640451002877
3045,0.38761468196460486
3046,0.35027611756899896
3047,0.33891915561717484
3048,0.15959775059817424
3049,0.16305524567512045
3050,0.16679320737703626
3051,0.19326801962086182
3052,0.17580981261940898
3053,0.16094317776665945
3054,0.14888618478264148
3055,0.14859951537048643
3056,0.14981945106720018
3057,0.1136901993082089
3058,0.14128036668912514
3059,0.16198478880780498
3060,0.8209429376335999
3061,0.5973765412775089
3062,0.30814326156973615
3063,0.8814768235025918
3064,0.6539392106233459
3065,0.38004496819256084
3066,0.8644571035048296
3067,0.6526329975381879
3068,0.40601551908437394
3069,0.36996801346555447
3070,0.2260579724142818
3071,0.14276450720351644
3072,0.13471674153656815
3073,0.12734567115665557
3074,0.15151520784812517
3075,0.1288416260584375
3076,0.10786027954406405
3077,0.09347958429032963
3078,0.14531135502209103
3079,0.1462277125637843
3080,0.14565857983917474
3081,0.07112158941179003
3082,0.06393114740753147
3083,0.0646502161579432
3084,0.04498300147497125
3085,0.049073678173028545
3086,0.06088382391220448
3087,0.8939134213143058
3088,0.6068319638585218
3089,0.3744776517432451
3090,0.7583111066522117
3091,0.5125260592621113
3092,0.3374656279966326
3093,0.5150279334692807
3094,0.36013835958071305
3095,0.26649954977778756
3096,0.5332190044121585
3097,0.36543783180616557
3098,0.22414857508465996
3099,0.12087574629654257
3100,0.09363512065882945
3101,0.09888249875342486
3102,0.07824437121236535
3103,0.06339735782726605
3104,0.05828261840159307
3105,0.2197594707476449
3106,0.21292524648840305
3107,0.20622450766039058
3108,0.1767506743947711
3109,0.16543797724811404
3110,0.1586628158067922
3111,0.13523029792237096
3112,0.1344450459638542
3113,0.14182835660564286
3114,0.8688652020981744
3115,0.8773920294639448
3116,0.8678829892111788
3117,0.8994525470791894
3118,0.8834811022526845
3119,0.8529419796434576
3120,0.7733422686646032
3121,0.7449209861029653
3122,0.7056593836281275
3123,0.8085426909478399
3124,0.7631634520333812
3125,0.6442455030163925
3126,0.4331985403864324
3127,0.37967479832173806
3128,0.3411725388615671
3129,0.17976749416990565
3130,0.18744564952955614
3131,0.19559906118474615
3132,0.12278621082278884
3133,0.12322559492172558
3134,0.12093589522695303
3135,0.057991394399390606
3136,0.048595634982760094
3137,0.044267515813155134
3138,0.04730016087129818
3139,0.048589567709864445
3140,0.05804098208970365
3141,0.599818451217143
3142,0.33663717554474837
3143,0.09390934642236126
3144,0.5881539392061195
3145,0.3918450318570843
3146,0.22207860989753336
3147,0.2942549660799296
3148,0.21736880647393897
3149,0.15543810574027028
3150,0.10078090802369363
3151,0.0819901055683594
3152,0.13157519983391017
3153,0.06891788613159905
3154,0.08705416906042979
3155,0.07615498176843966
3156,0.04659320081029836
3157,0.040353935390170265
3158,0.04148849041002187
3159,0.18377498563345163
3160,0.17097948226316872
3161,0.15491327755785167
3162,0.12161833996022842
3163,0.10906693907798526
3164,0.09768998348941671
3165,0.0847798836285969
3166,0.0891215752910115
3167,0.09838402993422135
3168,0.8198750479144616
3169,0.8066148337237105
3170,0.7778427708352889
3171,0.7510462909833218
3172,0.7231529548000959
3173,0.6853626281589664
3174,0.45097138509191503
3175,0.4241170150232245
3176,0.3931492314279661
3177,0.2423583688588094
3178,0.24444646866271943
3179,0.23699297062922567
3180,0.3004342285908725
3181,0.26391869607591184
3182,0.20823493555608769
3183,0.06746608121727835
3184,0.0754231229118982
3185,0.0871550349185328
3186,0.15000413427737302
3187,0.14467186046060365
3188,0.13608602245344392
3189,0.07701691335668115
3190,0.05869950014235292
3191,0.046904811537131996
3192,0.056257079182552294
3193,0.05005559369635626
3194,0.051879938751008714
3195,0.5977834898681034
3196,0.4043193910364773
3197,0.22704072551442445
3198,0.5094043063809262
3199,0.37120820552341294
3200,0.24503342431529185
3201,0.3227830580729114
3202,0.2730142694171571
